{"cameraMode":{"drawMode":0,"name":"Shaded","section":"Shading Mode"},"sceneLighting":true,"audioPlay":false,"sceneViewState":{"showFog":true,"showMaterialUpdate":false,"showSkybox":true,"showFlares":true,"showImageEffects":true,"showParticleSystems":true},"in2DMode":false,"pivot":{"x":-22537.34375,"y":-1447.8343505859375,"z":92705.734375},"rotation":{"x":-0.020812150090932847,"y":0.13397331535816194,"z":-0.002785865217447281,"w":-0.9908878207206726},"size":107712.2421875,"orthographic":false}